City_ID,City,Country,Date,Lat,Lng,Max Temp,Humidity,Cloudiness,Wind Speed
0,Jamestown,US,2022-06-01 16:07:08,42.097,-79.2353,81.52,39,40,14.97
1,Khatanga,RU,2022-06-01 16:07:09,71.9667,102.5,38.37,95,100,8.97
2,Mataura,NZ,2022-06-01 16:07:09,-46.1927,168.8643,52.48,82,96,4.07
3,Ushuaia,AR,2022-06-01 16:06:33,-54.8,-68.3,35.22,80,98,1.61
4,Lavrentiya,RU,2022-06-01 16:07:10,65.5833,-171.0,38.71,86,28,6.04
5,Qaqortoq,GL,2022-06-01 16:07:10,60.7167,-46.0333,42.39,72,100,3.83
6,Guilin,CN,2022-06-01 16:07:10,25.2819,110.2864,74.48,97,98,1.59
7,Mehamn,NO,2022-06-01 16:07:11,71.0357,27.8492,57.15,54,0,6.91
8,Marzuq,YE,2022-06-01 16:07:11,14.4,46.4667,82.38,40,36,9.8
9,Vaini,TO,2022-06-01 16:07:12,-21.2,-175.2,73.56,88,20,5.75
10,Vakhtan,RU,2022-06-01 16:07:12,57.9659,46.6889,65.71,68,57,2.48
11,Tianguismanalco,MX,2022-06-01 16:07:12,18.95,-98.4333,70.45,51,33,3.76
12,Longyearbyen,SJ,2022-06-01 16:07:13,78.2186,15.6401,46.24,81,75,4.61
13,Carnarvon,AU,2022-06-01 16:07:13,-24.8667,113.6333,64.98,51,0,12.62
14,East London,ZA,2022-06-01 16:07:13,-33.0153,27.9116,62.96,42,24,11.12
15,Bambous Virieux,MU,2022-06-01 16:07:14,-20.3428,57.7575,74.21,71,13,13.44
16,Satuk,TR,2022-06-01 16:07:14,41.2263,32.3836,66.11,86,99,3.91
17,San Ramon,US,2022-06-01 16:04:34,37.7799,-121.978,73.38,54,0,3.44
18,Kodiak,US,2022-06-01 16:07:15,57.79,-152.4072,45.91,87,100,4.61
19,Hobart,AU,2022-06-01 16:07:15,-42.8794,147.3294,42.66,86,53,8.05
20,Tasiilaq,GL,2022-06-01 16:07:15,65.6145,-37.6368,35.85,99,100,1.25
21,Bluff,NZ,2022-06-01 16:07:16,-46.6,168.3333,52.81,87,99,6.44
22,Port Lincoln,AU,2022-06-01 16:07:17,-34.7333,135.8667,55.08,62,100,5.95
23,Hualmay,PE,2022-06-01 16:07:17,-11.0964,-77.6139,66.63,71,43,11.68
24,Yining,CN,2022-06-01 16:07:18,29.0361,114.5636,73.99,97,98,1.07
25,Dikson,RU,2022-06-01 16:07:18,73.5069,80.5464,27.79,96,100,18.41
26,Gat,IL,2022-06-01 16:07:18,31.61,34.7642,78.4,100,0,12.01
27,Cidreira,BR,2022-06-01 16:07:19,-30.1811,-50.2056,54.73,67,100,2.59
28,Saint-Philippe,RE,2022-06-01 16:07:19,-21.3585,55.7679,74.79,81,34,13.56
29,Saskylakh,RU,2022-06-01 16:07:19,71.9167,114.0833,30.87,92,100,16.02
30,Taraz,KZ,2022-06-01 16:07:20,42.9,71.3667,68.41,52,75,6.71
31,Hofn,IS,2022-06-01 16:07:20,64.2539,-15.2082,51.82,82,100,4.61
32,Ahipara,NZ,2022-06-01 16:07:21,-35.1667,173.1667,60.84,90,88,12.21
33,Sobolevo,RU,2022-06-01 16:07:21,54.4299,31.8996,68.65,75,37,3.87
34,Busselton,AU,2022-06-01 16:06:54,-33.65,115.3333,57.99,79,56,8.93
35,Yellowknife,CA,2022-06-01 16:07:22,62.456,-114.3525,55.56,54,15,5.99
36,Port Elizabeth,ZA,2022-06-01 16:03:25,-33.918,25.5701,64.09,73,4,13.0
37,Jiwani,PK,2022-06-01 16:07:22,25.05,61.7417,83.32,80,0,17.09
38,Montague,US,2022-06-01 16:07:23,42.5356,-72.5351,68.18,73,100,4.21
39,Ashtabula,US,2022-06-01 16:07:24,41.7001,-80.7665,85.23,59,0,13.8
40,Sibolga,ID,2022-06-01 16:07:24,1.7427,98.7792,76.14,89,87,3.09
41,Punta Arenas,CL,2022-06-01 16:07:24,-53.15,-70.9167,37.51,81,40,13.8
42,Dongli,CN,2022-06-01 16:07:25,23.5656,116.8194,79.36,87,99,5.59
43,Avarua,CK,2022-06-01 16:07:25,-21.2078,-159.775,73.45,68,20,6.91
44,Lebu,CL,2022-06-01 16:07:26,-37.6167,-73.65,47.46,53,40,0.58
45,Paamiut,GL,2022-06-01 16:07:26,61.994,-49.6678,37.87,80,9,10.76
46,Qaanaaq,GL,2022-06-01 16:07:26,77.484,-69.3632,26.89,62,33,6.4
47,Praia Da Vitoria,PT,2022-06-01 16:07:27,38.7333,-27.0667,63.03,81,61,14.83
48,Zhoucheng,CN,2022-06-01 16:08:27,35.9122,116.3117,76.68,30,1,6.98
49,Nurmahal,IN,2022-06-01 16:08:27,31.0964,75.5967,98.2,11,23,6.44
50,Deqing,CN,2022-06-01 16:08:28,30.5448,119.9599,73.94,87,80,2.86
51,Rikitea,PF,2022-06-01 16:08:28,-23.1203,-134.9692,76.82,80,76,24.61
52,Butaritari,KI,2022-06-01 16:08:29,3.0707,172.7902,80.96,77,86,8.21
53,Bauru,BR,2022-06-01 16:07:27,-22.3147,-49.0606,80.29,56,83,4.14
54,Xuddur,SO,2022-06-01 16:08:29,4.1213,43.8894,82.35,47,63,17.9
55,Souillac,MU,2022-06-01 16:08:30,-20.5167,57.5167,73.45,71,3,12.28
56,Vardo,NO,2022-06-01 16:08:30,70.3705,31.1107,44.58,81,0,4.61
57,Alta Floresta,BR,2022-06-01 16:08:31,-9.8756,-56.0861,90.03,41,17,3.67
58,Bar Harbor,US,2022-06-01 16:08:31,44.3876,-68.2039,65.26,44,0,10.36
59,Hilo,US,2022-06-01 16:08:32,19.7297,-155.09,78.28,85,40,5.75
60,Ballina,AU,2022-06-01 16:08:32,-28.8667,153.5667,49.78,63,100,8.68
61,Paita,PE,2022-06-01 16:08:33,-5.0892,-81.1144,70.72,67,69,14.45
62,Baripada,IN,2022-06-01 16:08:33,21.935,86.7214,86.4,62,100,7.25
63,Newport,GB,2022-06-01 16:05:35,51.5877,-2.9984,66.43,60,55,3.29
64,Opuwo,NA,2022-06-01 16:08:34,-18.0607,13.84,72.03,18,42,18.25
65,Kapaa,US,2022-06-01 16:08:34,22.0752,-159.319,71.92,96,75,8.05
66,Talcahuano,CL,2022-06-01 16:08:35,-36.7167,-73.1167,44.28,70,44,9.22
67,Clyde River,CA,2022-06-01 16:08:35,70.4692,-68.5914,33.87,96,100,1.92
68,Quchan,IR,2022-06-01 16:08:36,37.106,58.5095,70.14,25,0,8.48
69,Jega,NG,2022-06-01 16:08:36,12.2175,4.3792,103.23,18,13,6.11
70,Broome,US,2022-06-01 16:08:36,42.2506,-75.833,85.01,66,20,4.61
71,Broken Hill,AU,2022-06-01 16:08:37,-31.95,141.4333,47.37,58,100,2.93
72,Sinjar,IQ,2022-06-01 16:08:37,36.3209,41.8754,96.48,9,2,7.36
73,Ganzhou,CN,2022-06-01 16:08:37,28.8184,115.4327,74.08,98,98,1.88
74,Linxia,CN,2022-06-01 16:08:38,35.6003,103.2064,61.07,52,7,1.36
75,Naila,DE,2022-06-01 16:08:38,50.3167,11.7,67.87,44,0,15.99
76,Key West,US,2022-06-01 16:06:59,24.5557,-81.7826,89.6,65,0,8.05
77,Nikolskoye,RU,2022-06-01 16:08:39,59.7035,30.7861,69.69,43,96,4.12
78,Hithadhoo,MV,2022-06-01 16:08:39,-0.6,73.0833,83.75,69,72,10.25
79,Peterhead,GB,2022-06-01 16:08:39,57.5058,-1.7981,62.46,77,35,12.82
80,Nanortalik,GL,2022-06-01 16:08:40,60.1432,-45.2371,40.5,81,100,2.3
81,Kokoda,PG,2022-06-01 16:08:40,-8.8785,147.7407,70.93,94,8,2.35
82,Cabo San Lucas,MX,2022-06-01 16:06:07,22.8909,-109.9124,84.61,72,0,3.44
83,Divnomorskoye,RU,2022-06-01 16:08:41,44.5011,38.1353,72.36,84,42,3.4
84,Invermere,CA,2022-06-01 16:08:41,50.5167,-116.0354,57.42,54,90,3.33
85,Mar Del Plata,AR,2022-06-01 16:08:42,-38.0023,-57.5575,52.95,67,20,14.97
86,Crotone,IT,2022-06-01 16:08:42,39.0851,17.1178,88.2,53,0,6.29
87,Georgetown,MY,2022-06-01 16:07:10,5.4112,100.3354,82.33,83,20,0.0
88,Poronaysk,RU,2022-06-01 16:08:43,49.2167,143.1167,40.17,97,100,5.73
89,Upernavik,GL,2022-06-01 16:08:43,72.7868,-56.1549,26.28,69,1,6.71
90,Cabra,ES,2022-06-01 16:08:43,37.4725,-4.4421,84.78,27,5,10.04
91,Sijunjung,ID,2022-06-01 16:08:44,-0.6876,100.9537,72.05,94,55,2.13
92,Mafinga,TZ,2022-06-01 16:08:44,-7.25,35.0667,74.03,47,41,8.25
93,Barrow,US,2022-06-01 16:08:44,71.2906,-156.7887,33.82,86,100,11.5
94,Port Alfred,ZA,2022-06-01 16:08:45,-33.5906,26.891,62.19,65,8,5.01
95,Atuona,PF,2022-06-01 16:05:00,-9.8,-139.0333,78.06,75,9,9.35
96,Hamina,FI,2022-06-01 16:09:46,60.5697,27.1979,67.28,66,82,10.51
97,Launceston,AU,2022-06-01 16:09:46,-41.45,147.1667,39.15,93,3,3.44
98,Grand Gaube,MU,2022-06-01 16:09:46,-20.0064,57.6608,74.37,64,22,3.0
99,Ancud,CL,2022-06-01 16:09:47,-41.8697,-73.8203,43.23,71,18,4.52
100,Kloulklubed,PW,2022-06-01 16:09:47,7.0419,134.2556,75.7,74,47,14.32
101,Torbay,CA,2022-06-01 16:05:31,47.6666,-52.7314,41.76,96,100,12.66
102,Grindavik,IS,2022-06-01 16:09:48,63.8424,-22.4338,52.27,82,75,3.44
103,Mahebourg,MU,2022-06-01 16:09:49,-20.4081,57.7,74.25,71,10,13.91
104,Okhotsk,RU,2022-06-01 16:09:49,59.3833,143.3,39.51,87,100,2.95
105,Nemuro,JP,2022-06-01 16:09:50,43.3236,145.575,44.62,99,100,10.71
106,Constantine,DZ,2022-06-01 16:09:32,36.365,6.6147,95.68,18,98,4.92
107,Fairbanks,US,2022-06-01 16:05:02,64.8378,-147.7164,59.81,56,75,3.44
108,Guerrero Negro,MX,2022-06-01 16:09:50,27.9769,-114.0611,65.52,66,22,12.59
109,Albany,US,2022-06-01 16:05:45,42.6001,-73.9662,68.52,85,100,8.14
110,Bethel,US,2022-06-01 16:09:51,41.3712,-73.414,71.19,68,0,8.05
111,Obo,CF,2022-06-01 16:09:51,5.3998,26.4869,77.04,73,64,0.94
112,Olafsvik,IS,2022-06-01 16:09:52,64.8945,-23.7142,50.22,83,97,3.18
113,Le Vauclin,MQ,2022-06-01 16:09:52,14.5452,-60.8388,87.85,62,75,12.66
114,Maniwaki,CA,2022-06-01 16:07:11,46.3834,-75.966,59.25,78,98,7.36
115,Zhigansk,RU,2022-06-01 16:09:53,66.7697,123.3711,39.9,75,8,9.1
116,Teya,RU,2022-06-01 16:09:53,60.3778,92.6267,48.45,75,96,3.11
117,Leningradskiy,RU,2022-06-01 16:09:53,69.3833,178.4167,35.46,95,99,7.76
118,Bereda,ES,2022-06-01 16:09:54,43.2686,-7.5406,62.08,78,86,8.95
119,Kaitangata,NZ,2022-06-01 16:09:54,-46.2817,169.8464,48.36,86,81,4.21
120,Husavik,IS,2022-06-01 16:09:55,66.0449,-17.3389,48.02,84,81,7.61
121,Wanlaweyn,SO,2022-06-01 16:09:55,2.6185,44.8938,80.22,67,17,20.96
122,Lorengau,PG,2022-06-01 16:09:56,-2.0226,147.2712,78.49,79,15,3.33
123,Dalianwan,CN,2022-06-01 16:09:56,39.0286,121.695,69.84,52,0,6.71
124,Vila Franca Do Campo,PT,2022-06-01 16:09:57,37.7167,-25.4333,64.81,72,49,12.01
125,Zdzieszowice,PL,2022-06-01 16:09:57,50.4248,18.1235,73.51,52,63,6.31
126,Talara,PE,2022-06-01 16:09:57,-4.5772,-81.2719,75.96,53,0,17.27
127,Peto,MX,2022-06-01 16:09:58,20.1333,-88.9167,73.56,97,100,3.85
128,Kieta,PG,2022-06-01 16:09:58,-6.2167,155.6333,77.41,84,88,5.61
129,Outlook,CA,2022-06-01 16:09:59,51.5001,-107.0513,60.24,32,1,15.59
130,Isla Mujeres,MX,2022-06-01 16:09:59,21.2311,-86.731,78.85,91,100,25.61
131,Kodinsk,RU,2022-06-01 16:09:59,58.6881,99.1844,52.29,76,100,3.53
132,Santa Vitoria Do Palmar,BR,2022-06-01 16:07:35,-33.5189,-53.3681,50.94,53,100,5.48
133,Hit,IQ,2022-06-01 16:10:00,33.6416,42.8251,101.98,7,0,7.09
134,Udachnyy,RU,2022-06-01 16:10:01,66.4167,112.4,55.45,34,93,8.05
135,Ponta Do Sol,PT,2022-06-01 16:10:01,32.6667,-17.1,74.03,66,20,9.8
136,Port Blair,IN,2022-06-01 16:10:02,11.6667,92.75,82.22,80,100,10.8
137,The Pas,CA,2022-06-01 16:10:03,53.8251,-101.2541,43.59,70,100,18.81
138,Chase,CA,2022-06-01 16:10:03,50.8165,-119.6857,60.03,75,100,2.66
139,Jagdalpur,IN,2022-06-01 16:10:04,19.0667,82.0333,84.78,41,87,6.96
140,Ayorou,NE,2022-06-01 16:10:05,14.7308,0.9174,108.32,10,88,4.99
141,Parabel,RU,2022-06-01 16:10:05,58.6978,81.4825,45.86,75,94,7.56
142,Kavieng,PG,2022-06-01 16:10:06,-2.5744,150.7967,80.11,67,43,1.41
143,Tambacounda,SN,2022-06-01 16:10:07,13.7539,-13.7586,104.32,22,1,3.22
144,Inuvik,CA,2022-06-01 16:11:07,68.3499,-133.7218,45.91,61,93,14.43
145,Bengkulu,ID,2022-06-01 16:11:08,-3.8004,102.2655,76.37,90,80,3.94
146,Dubuque,US,2022-06-01 16:11:08,42.4833,-90.8668,64.99,47,0,13.8
147,Tuktoyaktuk,CA,2022-06-01 16:11:09,69.4541,-133.0374,37.65,72,62,11.79
148,New Norfolk,AU,2022-06-01 16:11:10,-42.7826,147.0587,42.3,81,19,2.64
149,Bekobod,UZ,2022-06-01 16:11:10,40.2208,69.2697,76.69,30,0,2.42
150,Muisne,EC,2022-06-01 16:11:10,0.6,-80.0333,78.08,83,100,8.68
151,Sur,OM,2022-06-01 16:11:11,22.5667,59.5289,88.11,52,0,15.43
152,Thompson,CA,2022-06-01 16:11:11,55.7435,-97.8558,34.97,97,100,13.65
153,Maputo,MZ,2022-06-01 16:09:10,-25.9653,32.5892,67.68,63,20,3.44
154,Kaeo,NZ,2022-06-01 16:11:12,-35.1,173.7833,62.67,87,100,12.26
155,Oktyabrskoye,RU,2022-06-01 16:11:12,43.0645,44.7417,73.54,53,75,6.71
156,Tiksi,RU,2022-06-01 16:11:13,71.6872,128.8694,31.1,88,100,3.38
157,Cap Malheureux,MU,2022-06-01 16:11:13,-19.9842,57.6142,74.46,64,16,3.0
158,Kankon,IN,2022-06-01 16:11:14,15.0167,74.0167,81.82,78,77,10.33
159,Hamilton,US,2022-06-01 16:06:34,39.1834,-84.5333,87.94,62,20,12.66
160,Cape Town,ZA,2022-06-01 16:10:19,-33.9258,18.4232,63.12,77,12,2.62
161,Hue,VN,2022-06-01 16:10:56,16.4667,107.6,82.51,78,20,2.3
162,Kununurra,AU,2022-06-01 16:06:21,-15.7667,128.7333,78.78,83,100,4.61
163,Mattru,SL,2022-06-01 16:11:15,7.6244,-11.8332,82.4,79,83,5.17
164,Bredasdorp,ZA,2022-06-01 16:11:15,-34.5322,20.0403,56.61,86,47,5.19
165,Russell,US,2022-06-01 16:11:16,32.3502,-85.1999,86.92,49,0,4.99
166,Norman Wells,CA,2022-06-01 16:11:16,65.282,-126.8329,55.27,65,100,2.01
167,Rolla,US,2022-06-01 16:11:17,37.9514,-91.7713,68.52,94,100,4.0
168,Cauquenes,CL,2022-06-01 16:11:17,-35.9671,-72.3225,48.61,47,8,0.58
169,Cherskiy,RU,2022-06-01 16:11:17,68.75,161.3,55.33,55,100,9.42
170,Portales,US,2022-06-01 16:11:18,34.1862,-103.3344,62.13,58,26,14.05
171,Erenhot,CN,2022-06-01 16:11:18,43.6475,111.9767,72.9,19,22,8.93
172,Srednekolymsk,RU,2022-06-01 16:11:18,67.45,153.6833,58.17,56,100,6.8
173,Barra Do Garcas,BR,2022-06-01 16:11:19,-15.89,-52.2567,94.05,23,2,5.91
174,Longhua,CN,2022-06-01 16:11:19,23.6137,114.1919,77.29,94,100,2.13
175,Kathu,TH,2022-06-01 16:11:20,7.9178,98.3332,83.7,99,97,20.54
176,Cravo Norte,CO,2022-06-01 16:11:21,6.3017,-70.2041,88.2,48,85,7.07
177,Bangangte,CM,2022-06-01 16:11:21,5.1409,10.5198,69.64,86,59,0.38
178,Plettenberg Bay,ZA,2022-06-01 16:11:21,-34.0527,23.3716,58.73,74,19,6.93
179,Hervey Bay,AU,2022-06-01 16:11:22,-25.2986,152.8535,60.03,63,97,7.0
180,Vestmannaeyjar,IS,2022-06-01 16:11:22,63.4427,-20.2734,52.79,87,20,13.8
181,Yulara,AU,2022-06-01 16:11:23,-25.2406,130.9889,49.84,100,100,5.75
182,Alofi,NU,2022-06-01 16:11:23,-19.0595,-169.9187,78.4,75,10,22.28
183,Uarini,BR,2022-06-01 16:11:24,-2.99,-65.1083,83.75,71,99,3.27
184,Bistret,RO,2022-06-01 16:11:24,43.9,23.5,84.83,40,70,4.09
185,Topi,PK,2022-06-01 16:11:25,34.0704,72.6236,85.44,23,5,10.92
186,Ust-Ishim,RU,2022-06-01 16:11:25,57.6935,71.1665,52.79,46,12,11.27
187,Champasak,LA,2022-06-01 16:11:25,14.75,106.0,75.63,97,96,1.86
188,Bilibino,RU,2022-06-01 16:12:26,68.0546,166.4372,52.56,55,100,5.77
189,Todos Santos,MX,2022-06-01 16:09:05,23.45,-110.2167,72.07,62,13,7.34
190,Tura,IN,2022-06-01 16:12:26,25.5198,90.2201,73.71,94,7,4.25
191,Vila Velha,BR,2022-06-01 16:12:28,-20.3297,-40.2925,82.35,82,20,9.22
192,Teknaf,BD,2022-06-01 16:12:28,20.8624,92.3058,80.19,84,96,5.41
193,Sorland,NO,2022-06-01 16:12:29,67.667,12.6934,51.66,74,100,16.96
194,Yambio,SS,2022-06-01 16:12:29,4.5721,28.3955,69.33,91,94,4.09
195,Puerto Ayora,EC,2022-06-01 16:12:30,-0.7393,-90.3518,78.76,85,90,10.83
196,Vanavara,RU,2022-06-01 16:12:30,60.34,102.2797,47.41,70,80,4.81
197,Iqaluit,CA,2022-06-01 16:12:30,63.7506,-68.5145,34.7,69,94,4.0
198,Shirokiy,RU,2022-06-01 16:12:31,49.758,129.523,49.1,98,100,9.53
199,Aswan,EG,2022-06-01 16:12:31,24.0934,32.907,100.9,10,25,13.53
200,Vanimo,PG,2022-06-01 16:12:31,-2.6741,141.3028,76.8,88,7,5.57
201,Gurupi,BR,2022-06-01 16:12:32,-11.7292,-49.0686,92.71,32,0,8.66
202,French Harbor,HN,2022-06-01 16:12:32,16.35,-86.4333,81.0,77,100,7.02
203,Labuhan,ID,2022-06-01 16:12:33,-6.8844,112.2051,79.25,85,51,5.44
204,Chokurdakh,RU,2022-06-01 16:12:33,70.6333,147.9167,39.06,92,100,11.3
205,Tuatapere,NZ,2022-06-01 16:12:34,-46.1333,167.6833,51.96,91,98,3.83
206,Bucerias,MX,2022-06-01 16:12:34,20.75,-105.3333,80.98,73,75,4.61
207,Dukat,RU,2022-06-01 16:12:34,62.55,155.55,35.02,91,100,6.85
208,Castro,BR,2022-06-01 16:12:35,-24.7911,-50.0119,60.21,97,100,6.82
209,Saldanha,ZA,2022-06-01 16:12:35,-33.0117,17.9442,59.47,75,0,6.64
210,Ust-Nera,RU,2022-06-01 16:12:35,64.5667,143.2,52.18,79,100,6.24
211,Agua Verde,MX,2022-06-01 16:12:36,22.9,-106.05,78.89,63,35,11.34
212,Tabou,CI,2022-06-01 16:12:36,4.423,-7.3528,81.18,76,91,8.75
213,Bentiu,SS,2022-06-01 16:12:37,9.2333,29.8333,92.82,33,87,9.42
214,Kattivakkam,IN,2022-06-01 16:12:37,13.2167,80.3167,91.49,83,30,13.91
215,Huron,US,2022-06-01 16:09:42,41.1501,-82.5499,85.44,65,89,15.64
216,Gayny,RU,2022-06-01 16:12:38,60.3071,54.3241,63.54,56,6,2.75
217,Gariaband,IN,2022-06-01 16:12:38,20.635,82.0614,89.56,23,73,4.59
218,La Ronge,CA,2022-06-01 16:12:38,55.1001,-105.2842,47.17,50,100,17.98
219,Vao,NC,2022-06-01 16:12:39,-22.6667,167.4833,75.42,84,81,11.5
220,Callaguip,PH,2022-06-01 16:12:39,18.0714,120.4867,80.91,79,100,3.94
221,Faanui,PF,2022-06-01 16:12:39,-16.4833,-151.75,79.03,73,100,13.38
222,Matadi,CD,2022-06-01 16:12:40,-5.8167,13.45,88.84,52,4,1.86
223,Vostok,RU,2022-06-01 16:12:40,46.4856,135.8833,41.38,97,65,5.19
224,Isilkul,RU,2022-06-01 16:12:41,54.9109,71.2728,54.3,62,15,10.96
225,Bagotville,AU,2022-06-01 16:12:41,-28.9833,153.4167,49.64,65,99,6.85
226,Laguna,US,2022-06-01 16:09:31,38.421,-121.4238,78.31,42,0,6.91
227,Ndele,CF,2022-06-01 16:12:42,8.4109,20.6473,86.5,51,43,1.19
228,Hovd,MN,2022-06-01 16:12:42,48.0056,91.6419,60.64,41,60,16.87
229,Flinders,AU,2022-06-01 16:08:38,-34.5833,150.8552,51.19,69,3,4.0
230,Warah,PK,2022-06-01 16:12:43,27.4481,67.7978,102.02,4,19,9.48
231,Flagstaff,US,2022-06-01 16:12:43,35.1981,-111.6513,69.53,25,0,6.91
232,Hermanus,ZA,2022-06-01 16:12:43,-34.4187,19.2345,59.81,85,52,4.36
233,Abbeville,FR,2022-06-01 16:12:44,50.1,1.8333,65.5,56,3,8.88
234,Awbari,LY,2022-06-01 16:13:44,26.5921,12.7805,100.42,11,3,13.47
235,Pisco,PE,2022-06-01 16:13:44,-13.7,-76.2167,66.25,72,34,12.66
236,Rio Negrinho,BR,2022-06-01 16:13:45,-26.2544,-49.5183,53.94,100,100,1.7
237,Sironj,IN,2022-06-01 16:13:45,24.1,77.7,99.79,15,93,4.65
238,Touros,BR,2022-06-01 16:09:58,-5.1989,-35.4608,84.31,68,37,12.77
239,Port-Gentil,GA,2022-06-01 16:13:46,-0.7193,8.7815,78.76,83,75,13.8
240,Bonavista,CA,2022-06-01 16:13:46,48.6499,-53.1147,41.22,98,100,14.5
241,Mount Gambier,AU,2022-06-01 16:13:46,-37.8333,140.7667,47.1,73,89,3.47
242,Coquimbo,CL,2022-06-01 16:13:47,-29.9533,-71.3436,55.13,71,100,4.61
243,Ormara,PK,2022-06-01 16:13:47,25.2088,64.6357,82.58,84,0,19.35
244,Chapleau,CA,2022-06-01 16:13:47,47.8405,-83.4034,53.53,65,96,10.94
245,Marrakesh,MA,2022-06-01 16:11:48,31.6315,-8.0083,89.67,27,0,5.75
246,Santa Cruz,BO,2022-06-01 16:09:47,-17.8,-63.1667,56.66,94,100,11.5
247,Victoria,HK,2022-06-01 16:11:41,22.2855,114.1577,84.38,81,83,5.99
248,Veliki Preslav,BG,2022-06-01 16:13:48,43.1667,26.8167,77.32,62,74,4.18
249,Yangambi,CD,2022-06-01 16:13:49,0.8102,24.4336,77.25,80,85,3.18
250,Sabha,LY,2022-06-01 16:13:49,27.0377,14.4283,99.32,10,1,16.8
251,Damghan,IR,2022-06-01 16:13:50,36.1683,54.348,81.23,20,36,3.27
252,Port Hardy,CA,2022-06-01 16:13:50,50.6996,-127.4199,50.18,93,100,4.61
253,Las Vigas,MX,2022-06-01 16:13:50,19.6333,-97.0833,62.37,63,4,5.53
254,Ubatuba,BR,2022-06-01 16:13:51,-23.4339,-45.0711,77.77,79,95,2.91
255,Shingu,JP,2022-06-01 16:13:51,33.7333,135.9833,61.83,71,100,4.68
256,Bubaque,GW,2022-06-01 16:13:52,11.2833,-15.8333,80.62,77,4,11.92
257,Palu,ID,2022-06-01 16:13:52,-0.8917,119.8707,75.4,96,76,2.19
258,Necochea,AR,2022-06-01 16:13:53,-38.5473,-58.7368,49.91,64,56,17.31
259,Houma,US,2022-06-01 16:13:53,29.5958,-90.7195,88.0,69,40,4.61
260,Honningsvag,NO,2022-06-01 16:13:54,70.9821,25.9704,51.55,66,0,6.91
261,Villerupt,FR,2022-06-01 16:13:54,49.4674,5.9329,67.03,44,11,5.99
262,Kapit,MY,2022-06-01 16:13:55,2.0167,112.9333,74.98,99,100,0.94
263,Quatre Cocos,MU,2022-06-01 16:13:55,-20.2078,57.7625,74.08,70,16,12.91
264,Tucuman,AR,2022-06-01 16:13:55,-26.8241,-65.2226,53.6,54,75,4.61
265,Acarau,BR,2022-06-01 16:13:56,-2.8856,-40.12,84.96,66,99,13.06
266,Riyadh,SA,2022-06-01 16:10:08,24.6877,46.7219,98.74,7,0,12.21
267,Banda Aceh,ID,2022-06-01 16:13:56,5.5577,95.3222,76.86,89,100,16.58
268,Olpad,IN,2022-06-01 16:13:57,21.3333,72.75,85.98,80,7,18.32
269,Caravelas,BR,2022-06-01 16:13:57,-17.7125,-39.2481,80.74,63,1,7.09
270,Arraial Do Cabo,BR,2022-06-01 16:13:57,-22.9661,-42.0278,78.66,78,20,11.5
271,Osakarovka,KZ,2022-06-01 16:13:58,50.565,72.5692,51.42,56,96,7.47
272,Bytow,PL,2022-06-01 16:13:58,54.1706,17.4919,53.2,77,100,9.13
273,Sola,VU,2022-06-01 16:13:58,-13.8833,167.55,81.03,78,40,12.41
274,Bambanglipuro,ID,2022-06-01 16:13:59,-7.95,110.2833,77.58,84,99,1.03
275,Nishihara,JP,2022-06-01 16:13:59,26.1842,127.7558,78.08,95,100,9.22
276,Ixtapa,MX,2022-06-01 16:13:59,20.7,-105.2,80.22,73,75,4.61
277,Saint-Pierre,RE,2022-06-01 16:14:00,-21.3393,55.4781,74.88,69,100,3.44
278,Fortuna,US,2022-06-01 16:09:09,40.5982,-124.1573,54.93,89,100,0.0
279,Douglas,US,2022-06-01 16:14:00,41.3,-96.167,67.6,59,0,4.61
280,Westport,US,2022-06-01 16:12:06,41.1415,-73.3579,71.1,76,94,4.0
281,Lagoa,PT,2022-06-01 16:15:01,39.05,-27.9833,61.39,84,92,10.87
282,Cayenne,GF,2022-06-01 16:15:02,4.9333,-52.3333,86.04,4,75,3.44
283,Salalah,OM,2022-06-01 16:15:03,17.0151,54.0924,86.09,74,75,9.22
284,Chokwe,MZ,2022-06-01 16:15:03,-24.5333,32.9833,62.26,72,0,6.13
285,Hasaki,JP,2022-06-01 16:15:04,35.7333,140.8333,63.28,76,100,7.7
286,Giyani,ZA,2022-06-01 16:15:05,-23.3025,30.7187,62.17,41,0,2.8
287,Maun,BW,2022-06-01 16:15:05,-19.9833,23.4167,69.76,24,0,5.75
288,Tautira,PF,2022-06-01 16:15:07,-17.7333,-149.15,79.59,75,100,17.47
289,Torbat-E Jam,IR,2022-06-01 16:15:07,35.244,60.6225,77.67,19,0,14.0
290,Mae Sot,TH,2022-06-01 16:15:09,16.7167,98.5667,74.34,98,66,2.19
291,Banjar,ID,2022-06-01 16:15:09,-8.19,114.9675,77.56,86,56,3.13
292,Mutoko,ZW,2022-06-01 16:15:10,-17.397,32.2268,58.44,51,32,8.48
293,Buchanan,LR,2022-06-01 16:15:10,5.8808,-10.0467,82.27,77,80,7.52
294,Ulaanbaatar,MN,2022-06-01 16:15:12,47.9077,106.8832,51.93,50,0,2.24
295,Tsumeb,NA,2022-06-01 16:15:13,-19.2333,17.7167,67.37,8,2,13.38
296,Remanso,BR,2022-06-01 16:15:13,-9.6179,-42.0831,86.63,33,8,12.17
297,Tlaxco,MX,2022-06-01 16:15:14,19.6167,-98.1167,64.08,53,4,8.41
298,Kyra,RU,2022-06-01 16:15:14,49.5776,111.9753,52.12,55,67,3.69
299,Airai,TL,2022-06-01 16:15:15,-8.9266,125.4092,60.64,91,100,1.21
300,Cairns,AU,2022-06-01 16:15:00,-16.9167,145.7667,71.55,87,40,6.91
301,Barao De Melgaco,BR,2022-06-01 16:15:15,-16.1944,-55.9675,93.7,37,38,0.67
302,San Patricio,US,2022-06-01 16:15:16,28.017,-97.5169,89.46,54,33,14.65
303,Preobrazheniye,RU,2022-06-01 16:15:16,42.9019,133.9064,49.05,93,100,8.95
304,Miri,MY,2022-06-01 16:15:17,4.4148,114.0089,80.74,89,40,5.75
305,Saint-Augustin,CA,2022-06-01 16:15:17,51.226,-58.6502,41.22,81,100,26.51
306,Richards Bay,ZA,2022-06-01 16:15:18,-28.783,32.0377,61.11,53,0,5.99
307,Paciran,ID,2022-06-01 16:15:18,-6.8767,112.3761,79.9,82,76,4.76
308,Saint Pete Beach,US,2022-06-01 16:15:19,27.7253,-82.7412,88.23,61,0,8.05
309,Eyl,SO,2022-06-01 16:15:19,7.9803,49.8164,80.94,75,58,28.07
310,Lilongwe,MW,2022-06-01 16:14:36,-13.9669,33.7873,66.4,59,75,9.22
311,Klaksvik,FO,2022-06-01 16:15:20,62.2266,-6.589,50.92,85,12,14.81
312,Lompoc,US,2022-06-01 16:13:19,34.6391,-120.4579,74.84,63,0,4.61
313,Luxor,EG,2022-06-01 16:12:17,25.6989,32.6421,96.89,7,89,16.55
314,Almaznyy,RU,2022-06-01 16:15:21,48.0448,40.045,73.81,66,95,8.46
315,Sambava,MG,2022-06-01 16:15:21,-14.2667,50.1667,75.56,81,100,11.68
316,Yongzhou,CN,2022-06-01 16:15:22,26.4559,111.5988,74.73,94,66,2.77
317,Huilong,CN,2022-06-01 16:15:22,31.8111,121.655,74.93,87,100,5.08
318,Libertador General San Martin,AR,2022-06-01 16:15:23,-23.8064,-64.7876,58.98,47,86,4.5
319,Batagay-Alyta,RU,2022-06-01 16:15:23,67.8006,130.4114,33.67,97,100,2.91
320,San Isidro,PE,2022-06-01 16:15:23,-12.1167,-77.05,69.51,74,0,8.05
321,Mach,PK,2022-06-01 16:15:24,29.8637,67.3298,82.72,6,0,17.83
322,Coihaique,CL,2022-06-01 16:15:24,-45.5752,-72.0662,30.81,93,20,0.0
323,Carutapera,BR,2022-06-01 16:15:25,-1.195,-46.02,84.11,72,46,7.58
324,Saint George,US,2022-06-01 16:12:01,37.1041,-113.5841,74.79,24,0,5.75
325,Northampton,US,2022-06-01 16:16:26,40.8754,-75.2499,83.98,68,100,3.0
326,Chuy,UY,2022-06-01 16:16:26,-33.6971,-53.4616,51.69,51,100,5.73
327,Pokhara,NP,2022-06-01 16:16:26,28.2333,83.9833,75.02,70,65,6.96
328,Pacific Grove,US,2022-06-01 16:16:27,36.6177,-121.9166,66.42,90,100,11.99
329,Prainha,BR,2022-06-01 16:16:27,-1.8,-53.48,84.49,67,100,3.36
330,Svetlogorsk,BY,2022-06-01 16:16:28,52.6333,29.7333,68.36,74,56,7.25
331,Atagay,RU,2022-06-01 16:16:28,55.1033,99.3875,57.2,70,100,2.19
332,Swift Current,CA,2022-06-01 16:15:12,50.2834,-107.8014,61.61,36,0,18.41
333,Trzebinia,PL,2022-06-01 16:16:29,50.1593,19.4697,72.48,51,45,8.28
334,Lisala,CD,2022-06-01 16:16:29,2.15,21.5167,79.16,73,91,1.61
335,Lexington,US,2022-06-01 16:14:33,37.9887,-84.4777,85.89,61,40,9.22
336,Adrar,MR,2022-06-01 16:16:30,20.5022,-10.0711,106.7,9,7,17.74
337,Kyabram,AU,2022-06-01 16:16:30,-36.3167,145.05,37.87,79,46,6.6
338,Santa Maria,BR,2022-06-01 16:16:31,-29.6842,-53.8069,52.66,60,11,9.08
339,Kruisfontein,ZA,2022-06-01 16:16:31,-34.0033,24.7314,60.89,70,6,11.9
340,Camacha,PT,2022-06-01 16:16:31,33.0833,-16.3333,67.42,64,40,20.71
341,Umarga,IN,2022-06-01 16:16:32,17.8333,76.6167,91.44,32,85,9.44
342,Los Llanos De Aridane,ES,2022-06-01 16:16:32,28.6585,-17.9182,69.55,70,75,11.5
343,Najran,SA,2022-06-01 16:16:32,17.4924,44.1277,93.85,10,1,13.11
344,Rabo De Peixe,PT,2022-06-01 16:16:33,37.8,-25.5833,68.27,83,40,16.11
345,Kadirli,TR,2022-06-01 16:16:33,37.3739,36.0961,78.84,67,1,5.5
346,Seoul,KR,2022-06-01 16:16:33,37.5683,126.9778,62.04,94,2,1.14
347,Ostrovnoy,RU,2022-06-01 16:16:34,68.0531,39.5131,48.52,70,5,7.56
348,Sodegaura,JP,2022-06-01 16:16:34,35.4186,140.0177,69.91,86,100,7.16
349,Beroroha,MG,2022-06-01 16:16:35,-21.6667,45.1667,70.12,39,5,4.34
350,Cosala,MX,2022-06-01 16:16:35,24.4125,-106.6908,84.36,54,6,3.69
351,Luz,BR,2022-06-01 16:16:36,-19.8014,-45.6856,84.6,33,46,7.83
352,Luohe,CN,2022-06-01 16:16:36,33.5717,114.0353,75.87,64,2,5.08
353,Rocha,UY,2022-06-01 16:16:37,-34.4833,-54.3333,52.34,51,64,10.09
354,Linhares,BR,2022-06-01 16:16:37,-19.3911,-40.0722,86.13,47,32,3.78
355,Sampit,ID,2022-06-01 16:16:38,-2.5333,112.95,75.27,93,62,1.92
356,Villazon,BO,2022-06-01 16:16:38,-22.0866,-65.5942,51.98,21,94,26.11
357,Kawalu,ID,2022-06-01 16:16:38,-7.3817,108.2082,72.66,98,100,0.56
358,Narva-Joesuu,EE,2022-06-01 16:16:39,59.4589,28.0408,62.83,59,100,6.87
359,Poum,NC,2022-06-01 16:16:39,-20.2333,164.0167,76.41,82,23,9.62
360,Hammerfest,NO,2022-06-01 16:16:39,70.6634,23.6821,66.65,34,0,6.91
361,Katsuura,JP,2022-06-01 16:16:40,35.1333,140.3,67.53,80,100,7.78
362,Ondangwa,NA,2022-06-01 16:16:40,-17.9167,15.95,72.48,17,39,12.28
363,Morant Bay,JM,2022-06-01 16:16:40,17.8815,-76.4093,89.71,70,78,11.59
364,Muswellbrook,AU,2022-06-01 16:16:41,-32.2667,150.9,39.06,84,4,5.37
365,Kirakira,SB,2022-06-01 16:16:41,-10.4544,161.9205,77.4,88,100,6.46
366,Boden,SE,2022-06-01 16:16:42,65.8252,21.6886,53.6,89,100,3.69
367,Novita,CO,2022-06-01 16:16:42,4.9551,-76.6053,81.1,85,100,4.0
368,Verkhniy Mamon,RU,2022-06-01 16:16:42,50.1635,40.3832,71.44,75,94,3.38
369,Vagur,FO,2022-06-01 16:16:43,61.4732,-6.8119,48.74,82,1,11.48
370,Nome,US,2022-06-01 16:16:43,64.5011,-165.4064,45.1,83,100,9.22
371,Izhma,RU,2022-06-01 16:16:44,65.0083,53.9113,65.21,33,55,4.36
372,Melfi,IT,2022-06-01 16:16:44,40.9965,15.6514,81.16,29,0,7.7
373,Noumea,NC,2022-06-01 16:17:44,-22.2763,166.4572,75.99,99,96,7.83
374,Dingle,PH,2022-06-01 16:17:45,10.9995,122.6711,77.72,85,66,2.44
375,Kudahuvadhoo,MV,2022-06-01 16:17:46,2.6708,72.8944,83.73,74,72,14.45
376,Severo-Kurilsk,RU,2022-06-01 16:17:46,50.6789,156.125,40.33,92,94,5.53
377,Keti Bandar,PK,2022-06-01 16:17:47,24.1447,67.4497,82.83,83,0,21.72
378,Almazar,UZ,2022-06-01 16:17:47,40.3217,69.0106,79.11,27,0,3.33
379,Esperance,AU,2022-06-01 16:17:47,-33.8667,121.9,54.46,65,92,13.11
380,Itarema,BR,2022-06-01 16:17:48,-2.9248,-39.9167,84.92,65,97,12.77
381,Henties Bay,NA,2022-06-01 16:17:49,-22.116,14.2845,66.65,42,0,14.9
382,Rorvik,NO,2022-06-01 16:17:49,64.8621,11.2373,60.78,71,73,15.28
383,Pemangkat,ID,2022-06-01 16:17:49,1.1667,108.9667,80.83,81,81,7.05
384,Ashti,IN,2022-06-01 16:17:50,19.3833,76.2333,92.05,32,99,7.11
385,Codrington,AU,2022-06-01 16:17:50,-38.2667,141.9667,46.18,70,71,6.26
386,Talnakh,RU,2022-06-01 16:17:51,69.4865,88.3972,31.21,86,100,14.97
387,Itoman,JP,2022-06-01 16:17:51,26.1247,127.6694,78.82,96,100,5.75
388,Ribeira Grande,PT,2022-06-01 16:17:52,38.5167,-28.7,68.4,73,20,19.57
389,Padang,ID,2022-06-01 16:17:52,-0.9492,100.3543,75.25,89,70,4.41
390,Amurzet,RU,2022-06-01 16:17:52,47.6967,131.0981,48.6,97,76,8.39
391,Yumen,CN,2022-06-01 16:17:53,40.2833,97.2,72.0,25,99,7.43
392,Meulaboh,ID,2022-06-01 16:17:53,4.1363,96.1285,75.76,95,100,7.38
393,Coari,BR,2022-06-01 16:17:53,-4.085,-63.1414,86.76,61,91,2.68
394,Thaba-Tseka,LS,2022-06-01 16:17:54,-29.522,28.6084,43.03,46,0,4.94
395,Namibe,AO,2022-06-01 16:17:54,-15.1961,12.1522,87.66,28,5,6.31
396,Chipinge,ZW,2022-06-01 16:17:55,-20.1883,32.6236,55.89,59,27,5.59
397,Polyany,RU,2022-06-01 16:17:55,54.7122,39.8231,58.6,88,100,8.95
398,Shahr-E Babak,IR,2022-06-01 16:17:55,30.1165,55.1186,73.58,8,0,13.67
399,Nouadhibou,MR,2022-06-01 16:17:56,20.931,-17.0347,80.58,57,56,16.11
400,Yangjiang,CN,2022-06-01 16:17:56,21.85,111.9667,79.45,92,77,7.36
401,Oranjemund,NA,2022-06-01 16:17:56,-28.55,16.4333,58.68,57,0,9.95
402,Narsaq,GL,2022-06-01 16:17:57,60.9167,-46.05,55.62,60,100,5.08
403,Kucevo,RS,2022-06-01 16:17:57,44.4775,21.67,84.92,51,10,5.59
404,Daye,CN,2022-06-01 16:17:57,30.0833,114.95,74.01,79,95,5.12
405,Zhuhai,CN,2022-06-01 16:17:58,22.2769,113.5678,83.98,89,40,9.22
406,Aklavik,CA,2022-06-01 16:17:58,68.2191,-135.0107,42.8,65,75,11.5
407,Camapua,BR,2022-06-01 16:17:59,-19.5314,-54.0439,85.33,49,100,5.32
408,Asau,RO,2022-06-01 16:17:59,46.4333,26.4,78.28,62,93,1.1
409,Sechura,PE,2022-06-01 16:18:00,-5.5569,-80.8222,74.01,57,70,14.61
410,Constitucion,CL,2022-06-01 16:18:00,-35.3333,-72.4167,49.5,55,9,3.36
411,Juneau,US,2022-06-01 16:18:00,58.3019,-134.4197,63.1,71,20,0.0
412,Hambantota,LK,2022-06-01 16:18:01,6.1241,81.1185,80.11,82,75,17.47
413,Naze,JP,2022-06-01 16:18:01,28.3667,129.4833,70.72,91,100,8.28
414,Tevaitoa,PF,2022-06-01 16:18:02,-16.7833,-151.5,79.03,72,100,14.63
415,Asyut,EG,2022-06-01 16:18:03,27.181,31.1837,92.89,14,0,15.95
416,Ahuimanu,US,2022-06-01 16:18:03,21.4447,-157.8378,73.36,90,75,4.61
417,Kazerun,IR,2022-06-01 16:18:04,29.6195,51.6541,85.08,16,22,5.28
418,Loiza,PR,2022-06-01 16:18:05,18.4313,-65.8802,89.08,59,40,17.27
419,Port-Cartier,CA,2022-06-01 16:18:05,50.0334,-66.8654,62.82,42,9,2.68
420,General Delgado,PY,2022-06-01 16:19:05,-27.1667,-56.5167,47.37,71,100,5.86
421,Sitka,US,2022-06-01 16:19:06,57.0531,-135.33,49.89,87,75,4.61
422,Pevek,RU,2022-06-01 16:19:06,69.7008,170.3133,41.67,70,100,9.1
423,Zlobin,HR,2022-06-01 16:19:07,45.2924,14.6541,69.1,61,20,4.61
424,Kaoma,ZM,2022-06-01 16:19:07,-14.7833,24.8,64.36,44,5,5.48
425,Portland,US,2022-06-01 16:15:12,45.5234,-122.6762,65.75,73,100,3.44
426,Verkhnyaya Inta,RU,2022-06-01 16:19:08,65.9811,60.3094,53.44,34,16,9.19
427,Kholm,RU,2022-06-01 16:19:08,59.2667,32.85,69.12,49,90,1.66
428,Syasstroy,RU,2022-06-01 16:19:10,60.1367,32.5691,64.47,56,87,5.95
429,Pangai,TO,2022-06-01 16:19:11,-19.8,-174.35,78.24,77,71,20.07
430,Kirksville,US,2022-06-01 16:17:09,40.1948,-92.5833,67.82,79,0,6.91
431,Namatanai,PG,2022-06-01 16:19:11,-3.6667,152.4333,77.29,79,59,1.25
432,Itapissuma,BR,2022-06-01 16:19:11,-7.7764,-34.8922,84.24,63,7,5.84
433,Santa Cruz Del Sur,CU,2022-06-01 16:19:12,20.7147,-77.9956,82.42,69,100,3.91
434,Yar-Sale,RU,2022-06-01 16:19:12,66.8333,70.8333,40.71,46,35,18.77
435,Tucumcari,US,2022-06-01 16:19:13,35.1717,-103.725,61.95,72,100,21.85
436,Gamba,GA,2022-06-01 16:19:13,-2.65,10.0,77.58,78,23,6.46
437,Stubbekobing,DK,2022-06-01 16:19:13,54.8887,12.041,59.05,65,100,4.16
438,Brewster,US,2022-06-01 16:19:14,41.3973,-73.6171,71.44,70,0,8.05
439,Sharan,RU,2022-06-01 16:19:14,54.8167,54.0,61.66,71,0,2.17
440,Arlit,NE,2022-06-01 16:19:14,18.7369,7.3853,107.24,5,55,4.68
441,Cockburn Town,TC,2022-06-01 16:19:15,21.4612,-71.1419,80.31,78,100,16.87
442,Dongsheng,CN,2022-06-01 16:19:15,39.8161,109.9776,68.45,10,78,7.9
443,Mombaca,BR,2022-06-01 16:19:16,-5.7431,-39.6275,85.96,55,60,8.46
444,Waris Aliganj,IN,2022-06-01 16:19:16,25.0167,85.6333,95.81,39,12,11.14
445,Harrai,IN,2022-06-01 16:19:16,22.6167,79.2167,95.31,12,98,1.57
446,San Policarpo,PH,2022-06-01 16:19:17,12.1791,125.5072,82.38,79,40,12.19
447,Novikovo,RU,2022-06-01 16:19:17,51.1537,37.8879,72.66,78,99,4.63
448,Aguadilla,PR,2022-06-01 16:16:20,18.4275,-67.1541,88.93,66,0,18.41
449,Carballo,ES,2022-06-01 16:19:18,43.213,-8.691,69.49,79,100,3.38
450,Lubango,AO,2022-06-01 16:19:18,-14.9172,13.4925,66.76,28,5,10.76
451,Nizwa,OM,2022-06-01 16:19:19,22.9333,57.5333,91.0,23,54,10.78
452,Half Moon Bay,US,2022-06-01 16:19:19,37.4636,-122.4286,72.88,70,0,8.05
453,Koslan,RU,2022-06-01 16:19:20,63.4564,48.8989,71.02,39,22,2.59
454,Mount Isa,AU,2022-06-01 16:19:20,-20.7333,139.5,62.37,55,100,10.36
455,Ouadda,CF,2022-06-01 16:19:21,8.0777,22.4007,68.56,94,75,6.29
456,Ucluelet,CA,2022-06-01 16:19:22,48.9329,-125.5528,59.09,90,100,3.38
457,Kuala Terengganu,MY,2022-06-01 16:15:22,5.3302,103.1408,78.75,94,20,0.0
458,College,US,2022-06-01 16:19:22,64.8569,-147.8028,60.8,54,75,4.61
459,Tveit,NO,2022-06-01 16:19:23,58.2337,8.122,60.1,72,20,16.11
460,Erzin,TR,2022-06-01 16:19:23,36.9559,36.2,75.31,75,7,4.61
461,Perth,AU,2022-06-01 16:18:25,-31.9333,115.8333,51.35,94,0,4.61
462,Borodino,RU,2022-06-01 16:20:24,55.9106,94.8983,55.62,95,100,5.32
463,Mormugao,IN,2022-06-01 16:20:24,15.4,73.8,83.46,79,75,5.75
464,Christchurch,NZ,2022-06-01 16:16:39,-43.5333,172.6333,55.6,61,100,9.22
465,Avera,US,2022-06-01 16:20:25,33.194,-82.5271,87.55,43,0,3.33
466,Rock Sound,BS,2022-06-01 16:20:25,24.9,-76.2,78.55,78,100,8.86
467,Okakarara,NA,2022-06-01 16:20:26,-20.5833,17.4333,64.17,8,0,11.05
468,Palapye,BW,2022-06-01 16:20:26,-22.546,27.1251,59.94,34,0,8.32
469,Tanete,ID,2022-06-01 16:20:27,-3.9443,119.7848,75.15,96,18,2.68
470,Havelock,US,2022-06-01 16:17:04,34.8791,-76.9013,93.18,62,0,1.99
471,Mayo,US,2022-06-01 16:20:27,38.8876,-76.5119,94.3,56,0,5.75
472,Ayan,RU,2022-06-01 16:20:27,56.45,138.1667,36.41,96,100,16.82
473,Hunterville,NZ,2022-06-01 16:20:28,-39.9333,175.5667,53.69,74,7,12.84
474,Torrelavega,ES,2022-06-01 16:20:28,43.3494,-4.0479,69.94,87,94,5.28
475,Mbaiki,CF,2022-06-01 16:20:29,3.8678,17.9892,77.13,77,98,4.52
476,Porto Belo,BR,2022-06-01 16:20:29,-27.1578,-48.5531,60.26,94,100,7.31
477,Adur,IN,2022-06-01 16:20:30,9.1667,76.7333,75.58,90,76,1.83
478,Yeppoon,AU,2022-06-01 16:20:30,-23.1333,150.7333,60.58,57,99,7.7
479,Oussouye,SN,2022-06-01 16:20:30,12.485,-16.5469,98.78,46,1,12.44
480,Bismarck,US,2022-06-01 16:20:31,46.8083,-100.7837,65.86,34,0,17.27
481,Bandarbeyla,SO,2022-06-01 16:20:32,9.4942,50.8122,80.13,80,75,28.41
482,Olga,RU,2022-06-01 16:20:32,43.7444,135.2892,49.12,97,100,4.34
483,Wapakoneta,US,2022-06-01 16:20:32,40.5678,-84.1936,84.96,61,40,11.5
484,Honiara,SB,2022-06-01 16:20:33,-9.4333,159.95,75.92,87,100,2.93
485,Morondava,MG,2022-06-01 16:20:33,-20.2833,44.2833,75.4,68,0,20.51
486,Comodoro Rivadavia,AR,2022-06-01 16:20:33,-45.8667,-67.5,46.26,71,40,6.91
487,Sistranda,NO,2022-06-01 16:20:34,63.7256,8.834,53.56,86,90,5.39
488,Iranshahr,IR,2022-06-01 16:20:34,27.2025,60.6848,97.14,3,0,9.22
489,Benguela,AO,2022-06-01 16:20:34,-12.5763,13.4055,79.21,61,0,2.35
490,Borba,BR,2022-06-01 16:20:35,-4.3878,-59.5939,86.74,66,18,2.42
491,Antalaha,MG,2022-06-01 16:20:35,-14.9003,50.2788,74.12,80,100,9.75
492,Tezu,IN,2022-06-01 16:20:36,27.9167,96.1667,74.37,96,8,4.18
493,Klyuchi,RU,2022-06-01 16:20:36,52.2667,79.1667,51.8,75,100,22.46
494,Nianzishan,CN,2022-06-01 16:20:36,47.5167,122.8833,52.9,78,5,4.32
495,Kajaani,FI,2022-06-01 16:20:37,64.2273,27.7285,62.65,48,0,8.05
496,Kahului,US,2022-06-01 16:20:38,20.8947,-156.47,75.85,82,75,10.0
497,South Venice,US,2022-06-01 16:20:38,27.0531,-82.4243,87.98,65,40,6.91
498,Jinchang,CN,2022-06-01 16:20:39,38.4953,102.1739,78.8,17,100,22.95
499,Tukan,RU,2022-06-01 16:19:20,53.8409,57.4552,51.78,84,40,3.44
500,Pathalgaon,IN,2022-06-01 16:20:39,22.5667,83.4667,90.91,13,100,8.52
501,Kimbe,PG,2022-06-01 16:20:40,-5.5502,150.1429,73.53,93,17,3.36
502,Popondetta,PG,2022-06-01 16:20:40,-8.7537,148.2534,71.42,90,11,2.93
503,Saint-Joseph,RE,2022-06-01 16:20:41,-21.3667,55.6167,71.98,79,28,6.35
504,Port Macquarie,AU,2022-06-01 16:20:42,-31.4333,152.9167,46.89,67,88,5.21
505,Fort-Shevchenko,KZ,2022-06-01 16:20:42,44.5086,50.263,78.26,45,0,18.63
506,Upington,ZA,2022-06-01 16:21:42,-28.4478,21.2561,59.38,14,0,3.44
507,Sao Gotardo,BR,2022-06-01 16:21:43,-19.3111,-46.0489,80.62,32,43,7.81
508,Numan,NG,2022-06-01 16:21:43,9.4667,12.0333,98.67,28,20,11.3
509,San Felipe,VE,2022-06-01 16:21:43,10.3399,-68.7425,91.87,37,44,2.42
510,Chimbote,PE,2022-06-01 16:18:49,-9.0853,-78.5783,66.04,77,94,12.3
511,Fort Nelson,CA,2022-06-01 16:21:44,58.8053,-122.7002,58.59,51,20,3.44
512,Bundibugyo,UG,2022-06-01 16:21:45,0.7414,30.0417,73.2,75,77,2.68
513,Bridlington,GB,2022-06-01 16:21:45,54.0831,-0.1919,59.9,79,15,8.01
514,Kovdor,RU,2022-06-01 16:21:46,67.5662,30.4758,53.78,66,100,3.98
515,Kalabo,ZM,2022-06-01 16:21:46,-14.97,22.6814,68.86,38,27,6.04
516,Moose Factory,CA,2022-06-01 16:21:47,51.2585,-80.6094,66.2,63,100,8.05
517,Bajil,YE,2022-06-01 16:21:47,15.0584,43.2851,94.12,31,33,5.28
518,Beloha,MG,2022-06-01 16:21:48,-25.1667,45.05,64.92,69,42,8.5
519,Puerto Penasco,MX,2022-06-01 16:21:48,31.3167,-113.5333,75.9,74,0,5.99
520,Luanda,AO,2022-06-01 16:20:04,-8.8368,13.2343,75.63,80,4,14.94
521,Alice Springs,AU,2022-06-01 16:21:49,-23.7,133.8833,53.15,100,40,9.22
522,Te Anau,NZ,2022-06-01 16:21:49,-45.4167,167.7167,51.35,90,100,4.72
523,Port Hawkesbury,CA,2022-06-01 16:21:49,45.6169,-61.3485,48.18,78,100,18.41
524,Razdolinsk,RU,2022-06-01 16:21:50,58.4211,94.6658,48.85,92,100,1.34
525,Traverse City,US,2022-06-01 16:19:26,44.7631,-85.6206,62.71,55,100,9.22
526,Manyana,BW,2022-06-01 16:21:51,-23.4,21.7167,58.77,17,0,8.61
527,Akdepe,TM,2022-06-01 16:21:52,42.0551,59.3788,91.49,21,38,16.78
528,Ulladulla,AU,2022-06-01 16:21:52,-35.35,150.4667,37.76,75,11,9.06
529,Byron Bay,AU,2022-06-01 16:21:52,-28.65,153.6167,49.71,61,100,8.86
530,Sembakung,ID,2022-06-01 16:21:53,3.8167,117.25,74.25,96,62,0.54
531,Arzakan,AM,2022-06-01 16:21:53,40.45,44.6065,69.58,71,63,3.02
532,Dubti,ET,2022-06-01 16:21:53,11.7361,41.0853,103.86,12,30,4.94
533,Kang,BW,2022-06-01 16:21:54,-23.6752,22.7876,58.57,17,0,7.45
534,Havoysund,NO,2022-06-01 16:21:54,70.9963,24.6622,52.03,53,0,14.36
535,Ilulissat,GL,2022-06-01 16:21:55,69.2167,-51.1,35.62,75,75,6.91
536,Marystown,CA,2022-06-01 16:19:10,47.1666,-55.1483,40.86,100,100,5.99
537,Petropavlovsk-Kamchatskiy,RU,2022-06-01 16:21:55,53.0452,158.6483,41.59,81,75,2.24
538,Pangnirtung,CA,2022-06-01 16:21:56,66.1451,-65.7125,35.6,87,100,6.91
539,Elban,RU,2022-06-01 16:21:56,50.1018,136.5094,47.14,93,91,6.51
540,Shimoda,JP,2022-06-01 16:21:56,34.6667,138.95,62.1,82,100,3.8
541,Asfi,MA,2022-06-01 16:21:57,32.2994,-9.2372,70.29,78,14,11.59
542,Harper,LR,2022-06-01 16:21:58,4.375,-7.7169,81.32,76,85,9.35
543,Anadyr,RU,2022-06-01 16:21:58,64.75,177.4833,43.3,70,77,13.42
544,Zaranj,AF,2022-06-01 16:21:59,30.9667,61.8833,87.76,9,0,23.26
545,Kingaroy,AU,2022-06-01 16:21:59,-26.5333,151.8333,47.16,53,100,8.88
546,Sandy Bay,AU,2022-06-01 16:21:59,-42.913,147.3532,42.69,85,58,8.05
547,Sri Aman,MY,2022-06-01 16:22:00,1.2376,111.4621,78.85,94,99,0.0
548,Atar,MR,2022-06-01 16:22:00,20.5169,-13.0499,109.11,9,7,15.14
549,Lookan,PH,2022-06-01 16:22:00,5.037,120.1027,82.96,72,5,8.95
550,Takab,IR,2022-06-01 16:23:01,36.4009,47.1133,64.78,41,56,4.99
551,Kyzyl-Suu,KG,2022-06-01 16:23:01,42.3414,78.0056,51.22,58,4,5.79
552,Ginir,ET,2022-06-01 16:23:02,7.1333,40.7,61.92,70,19,8.16
553,Cebu,PH,2022-06-01 16:23:02,10.3167,123.8907,80.26,94,20,2.3
554,Benjamin Constant,BR,2022-06-01 16:23:02,-4.3831,-70.0311,77.13,94,100,3.44
555,Lensk,RU,2022-06-01 16:23:03,60.7253,114.9278,47.44,93,82,4.36
556,Waitati,NZ,2022-06-01 16:23:04,-45.75,170.5667,57.79,50,100,7.67
557,Coihueco,CL,2022-06-01 16:23:04,-36.6167,-71.8333,29.14,100,100,3.44
558,Karratha,AU,2022-06-01 16:23:04,-20.7377,116.8463,65.28,72,90,9.93
559,Valparaiso,CL,2022-06-01 16:18:19,-33.0393,-71.6273,55.63,63,40,6.91
560,Doka,SD,2022-06-01 16:23:05,13.5167,35.7667,99.59,17,57,2.13
561,Caranavi,BO,2022-06-01 16:23:05,-15.8167,-67.55,62.37,99,100,0.67
562,Vilaka,LV,2022-06-01 16:23:06,57.1846,27.6722,61.21,67,100,7.23
563,Sungai Pelek,MY,2022-06-01 16:23:06,2.6449,101.717,82.53,89,20,5.75
564,San Vicente,AR,2022-06-01 16:23:07,-26.6167,-54.1333,50.23,94,99,1.41
565,Campo Maior,BR,2022-06-01 16:21:00,-4.8278,-42.1686,87.53,57,44,4.16
566,Seddon,AU,2022-06-01 16:23:07,-37.8068,144.8916,50.76,83,40,8.05
567,Catamarca,AR,2022-06-01 16:23:08,-28.4696,-65.7852,58.42,38,0,2.64
568,Skelleftea,SE,2022-06-01 16:23:08,64.7507,20.9528,53.01,69,100,6.91
569,Provideniya,RU,2022-06-01 16:23:08,64.3833,-173.3,39.61,87,77,2.46
570,Kachiry,KZ,2022-06-01 16:23:09,53.0675,76.1036,55.08,57,100,14.83
571,Sisimiut,GL,2022-06-01 16:23:09,66.9395,-53.6735,40.48,54,9,11.3
572,Mackay,AU,2022-06-01 16:23:09,-21.15,149.2,55.69,61,60,7.16
573,Sterlibashevo,RU,2022-06-01 16:23:10,53.4376,55.2578,58.86,71,11,4.36
574,Wilkie,CA,2022-06-01 16:23:10,52.4168,-108.7014,55.89,36,0,13.42
575,Solnechnyy,RU,2022-06-01 16:23:10,50.7214,136.6319,44.46,95,100,2.21
576,Biak,ID,2022-06-01 16:23:11,-0.9131,122.8766,77.13,83,8,2.55
577,Dunedin,NZ,2022-06-01 16:23:11,-45.8742,170.5036,57.79,50,92,5.79
578,Gornopravdinsk,RU,2022-06-01 16:23:12,60.05,69.9,48.27,49,32,8.3
579,Latung,PH,2022-06-01 16:23:12,5.5,120.8833,83.66,71,8,9.78
580,Taltal,CL,2022-06-01 16:23:12,-25.4,-70.4833,59.41,68,42,3.89
581,Vikhorevka,RU,2022-06-01 16:23:13,56.1201,101.1636,56.79,65,93,2.91
582,Kumluca,TR,2022-06-01 16:23:13,36.3703,30.2869,78.21,59,0,3.31
583,Waipawa,NZ,2022-06-01 16:23:14,-41.4122,175.5153,55.94,71,4,24.02
584,Igrim,RU,2022-06-01 16:23:15,63.1906,64.4162,52.16,47,10,5.21
585,Schwyz,CH,2022-06-01 16:23:15,47.0279,8.6561,63.05,99,100,2.08
